{
  "epoch": [
    186,
    187,
    188,
    189,
    190,
    191,
    192,
    193,
    194,
    195,
    196,
    197,
    198,
    199,
    200
  ],
  "G_loss": [
    1.5240768027305602,
    1.5189657300313313,
    1.5178971499204637,
    1.5052911730209986,
    1.5085271292130151,
    1.5096091605424882,
    1.505194562156995,
    1.5001574061314265,
    1.5007179069519043,
    1.5136207275390625,
    1.497304856936137,
    1.4996659588416417,
    1.4885688156286876,
    1.4823957748413086,
    1.5041751105388006
  ],
  "D_A_loss": [
    0.1706557441415886,
    0.16963395589093366,
    0.1691259939906498,
    0.169138793737938,
    0.16831521413847805,
    0.16825125663479168,
    0.17040438800180951,
    0.1678690594409903,
    0.16704633099834124,
    0.16749852317695815,
    0.1671154251086215,
    0.16950327333932122,
    0.16807948981722196,
    0.1673936040836076,
    0.16449480571349462
  ],
  "D_B_loss": [
    0.16265647351493437,
    0.1619746440090239,
    0.16312232218061884,
    0.16004339716831842,
    0.16052873484790325,
    0.16252249341458083,
    0.16110189088185628,
    0.1612136951237917,
    0.15921640437593063,
    0.15846120382100343,
    0.15862816679601868,
    0.15932520073155562,
    0.1575834520633022,
    0.15729146067922314,
    0.15475562094897033
  ],
  "cycle_loss": [
    0.09871947150925796,
    0.09824735873440901,
    0.09828369089215994,
    0.09661728889246782,
    0.09713731910039981,
    0.09724772011240324,
    0.09694771537681421,
    0.09633944450567165,
    0.09603587085505326,
    0.09703288489580154,
    0.09570191168536743,
    0.09617670167734226,
    0.09509353301674127,
    0.09425133296102285,
    0.0961116570532322
  ],
  "identity_loss": [
    0.13450384620577097,
    0.13545573847989242,
    0.13598477313419183,
    0.13257675066093605,
    0.1325924736286203,
    0.13274576602627833,
    0.13368406039476394,
    0.13359471059590577,
    0.13356161257872978,
    0.1331775783499082,
    0.13403047300130128,
    0.1337086949671308,
    0.1323060874293248,
    0.13205217750867207,
    0.13319893985241651
  ],
  "total_loss": [
    1.6907329115588217,
    1.68477002998131,
    1.684021308006098,
    1.6698822684741268,
    1.6729491037062059,
    1.6749960355671745,
    1.6709477015988279,
    1.6646987834138174,
    1.6638492746390403,
    1.6766005910380433,
    1.660176652888457,
    1.6640801958770801,
    1.6514002865689497,
    1.644738307222724,
    1.6638003238700332
  ]
}