{
  "epoch": [
    121,
    122,
    123,
    124,
    125,
    126,
    127,
    128,
    129,
    130,
    131,
    132,
    133,
    134,
    135,
    136,
    137,
    138,
    139,
    140,
    141,
    142,
    143,
    144,
    145,
    146,
    147,
    148,
    149,
    150,
    151,
    152,
    153,
    154,
    155,
    156,
    157,
    158,
    159,
    160,
    161,
    162,
    163,
    164,
    165,
    166,
    167,
    168,
    169,
    170,
    171,
    172,
    173,
    174,
    175,
    176,
    177,
    178,
    179,
    180,
    181,
    182,
    183,
    184,
    185
  ],
  "G_loss": [
    1.6759551074504853,
    1.677269984126091,
    1.6656049667596817,
    1.677810359398524,
    1.6724738235473633,
    1.683507151444753,
    1.6527184771696726,
    1.671398700873057,
    1.6502030939261119,
    1.6499646925926208,
    1.6521877200603485,
    1.6355883022546769,
    1.6414431094328563,
    1.6474965257644654,
    1.6376720150311788,
    1.639446253021558,
    1.629365107258161,
    1.6224887243111927,
    1.6637638721466064,
    1.63314127210776,
    1.6409795627593995,
    1.6229868104457856,
    1.6092878280083338,
    1.6242696170012156,
    1.6240013802051545,
    1.6021469971736273,
    1.609078707098961,
    1.609379653453827,
    1.6111728068590163,
    1.5889446358680726,
    1.6125512750148774,
    1.593638815085093,
    1.594912065823873,
    1.603717471321424,
    1.6027320508559544,
    1.5934902276992797,
    1.5923191573222477,
    1.5680737724701563,
    1.5943255919615427,
    1.599284689426422,
    1.581017668445905,
    1.5781268876791001,
    1.5878191881577173,
    1.566737984617551,
    1.5701609870592752,
    1.5620193484624227,
    1.5569535979032516,
    1.5653955969015758,
    1.5608353658119838,
    1.549048038681348,
    1.55091812757651,
    1.5496060070991515,
    1.552744706829389,
    1.5476367590824762,
    1.542851007382075,
    1.535237581372261,
    1.5398033984899522,
    1.5404241261482239,
    1.5460671016375225,
    1.5275069630543392,
    1.5194668489297232,
    1.5276268210808437,
    1.511105104525884,
    1.527545601328214,
    1.5204824591477712
  ],
  "D_A_loss": [
    0.1823729725231727,
    0.18154370447496573,
    0.18200750772034127,
    0.17936791870805124,
    0.18091237601886193,
    0.1798789428497354,
    0.18573160557821394,
    0.18280352065091332,
    0.18127848455682397,
    0.18166827472237249,
    0.18097432816401124,
    0.1853069763282935,
    0.18207481249794363,
    0.17513753373113772,
    0.18082280766467254,
    0.1811303832481305,
    0.1805317633226514,
    0.1843956938646734,
    0.17643104823927083,
    0.17924730024610958,
    0.18042062149507304,
    0.17978425350474814,
    0.17953261171653867,
    0.17480031499142448,
    0.17630778000379602,
    0.17871990879128377,
    0.18045080100744962,
    0.1795193998577694,
    0.1776068883066376,
    0.17974681555231412,
    0.17605531027292212,
    0.17688975774993498,
    0.17502655479684473,
    0.175555135289828,
    0.17432297793651622,
    0.1773727394628028,
    0.17227731642747918,
    0.17350131737068294,
    0.1768226916131874,
    0.16917974323034288,
    0.17412110550577442,
    0.17326823082193732,
    0.17332141877586643,
    0.17436717710395655,
    0.17325297158708175,
    0.17439518438776333,
    0.17511706355089943,
    0.17412928728883464,
    0.17587973966573675,
    0.17186707652856906,
    0.17337052587171395,
    0.17427675554032127,
    0.1700671546670298,
    0.17297468365728855,
    0.1710704879326125,
    0.1732338158513109,
    0.17235269059985875,
    0.17059898366903264,
    0.16863778255258996,
    0.1728540966808796,
    0.1698970803792278,
    0.17273021980250874,
    0.1690593104970952,
    0.16865190520882606,
    0.17028082862930993
  ],
  "D_B_loss": [
    0.18357943283518155,
    0.17629380121578772,
    0.1786541854466001,
    0.17992172603060802,
    0.1783340343423188,
    0.1773567283215622,
    0.17939342512066164,
    0.17624573057393234,
    0.1766178151058654,
    0.1765880049355328,
    0.1760982483352224,
    0.1799079221456001,
    0.17607512517645954,
    0.17397645416110755,
    0.17834137245391807,
    0.17648283079266547,
    0.17593220803762474,
    0.1767829225845635,
    0.17211995499829452,
    0.17637031857296825,
    0.17279325214773417,
    0.17447459824134906,
    0.17275422674790025,
    0.1744121661670506,
    0.1692153714026014,
    0.17063115593170125,
    0.1742340747093161,
    0.17307714513440928,
    0.17338053638488055,
    0.17216283875827987,
    0.17223318122327327,
    0.17104950904473662,
    0.17077973995854456,
    0.17086360216513277,
    0.17237826108311613,
    0.16883290487527847,
    0.16871168155781924,
    0.17148751716564098,
    0.17063477349032957,
    0.16789505093420545,
    0.16856260184695324,
    0.16784726707388958,
    0.16771176394447684,
    0.1699637965646883,
    0.1688187444594999,
    0.1684433045424521,
    0.1704341148659587,
    0.16925639406094947,
    0.16665046417092283,
    0.1674243544017275,
    0.1660582590525349,
    0.16696207802121837,
    0.1675191783607006,
    0.16739900595570603,
    0.1658836210196217,
    0.165963361746942,
    0.1645534194074571,
    0.16417585613454383,
    0.16482724407563606,
    0.16409298271064957,
    0.16550671293462316,
    0.16265203815698623,
    0.1651997231716911,
    0.1610996605232358,
    0.16083864264314374
  ],
  "cycle_loss": [
    0.1164179467385014,
    0.11580644552658001,
    0.11470291532576084,
    0.1158013458152612,
    0.11547514708340167,
    0.11641783777872722,
    0.11414019714295864,
    0.11536394599576791,
    0.11329210226237774,
    0.11344591900954644,
    0.1132729313497742,
    0.11277414720257123,
    0.11235201375683149,
    0.11214934748162826,
    0.11226676428566376,
    0.11226943081865708,
    0.11139193247507016,
    0.11086918320506811,
    0.11369153838356336,
    0.11136184590309858,
    0.11188442035516104,
    0.11016198415805896,
    0.10928336304922899,
    0.11017129590113958,
    0.1098050705442826,
    0.10797771262129148,
    0.10942506484687328,
    0.10915601114183664,
    0.10916054606437683,
    0.1074314819475015,
    0.1090488560050726,
    0.10728840226183335,
    0.10688673573484024,
    0.10731685691326856,
    0.10773237464080254,
    0.10710723952949047,
    0.10604323596755663,
    0.10429424424717823,
    0.10705450031658013,
    0.10684403615941604,
    0.10534493520855903,
    0.10520629731814067,
    0.10611208062122265,
    0.10424016623695691,
    0.1041001764163375,
    0.10375404038528602,
    0.10365023449311654,
    0.10424019061774016,
    0.10388035978128513,
    0.10227143527567387,
    0.10227081850667795,
    0.102586667795976,
    0.102190461533765,
    0.10164390428364277,
    0.10145644553750753,
    0.10090777889390787,
    0.10102540759990612,
    0.10108675844222308,
    0.10117411541938781,
    0.09980790504564842,
    0.09892249113321304,
    0.09936268366624912,
    0.09828646299491325,
    0.09933717869967222,
    0.09844434249649445
  ],