{
  "epoch": [
    201,
    202,
    203,
    204,
    205,
    206,
    207,
    208,
    209,
    210,
    211,
    212,
    213,
    214,
    215,
    216,
    217,
    218,
    219,
    220,
    221,
    222,
    223,
    224,
    225,
    226,
    227,
    228,
    229,
    230,
    231,
    232,
    233,
    234,
    235,
    236,
    237,
    238,
    239,
    240,
    241,
    242,
    243,
    244,
    245,
    246,
    247,
    248,
    249,
    250,
    251,
    252,
    253,
    254,
    255,
    256,
    257,
    258,
    259,
    260,
    261
  ],
  "train_G_loss": [
    2.358056611378988,
    2.3046209497451784,
    2.277544798851013,
    2.2664682172139488,
    2.2544264079729714,
    2.235698343594869,
    2.2353459072113036,
    2.2332693702379864,
    2.2192256738344827,
    2.2131378684043885,
    2.202127477486928,
    2.2104163977305094,
    2.1889668561617532,
    2.1943147727648418,
    2.176736584663391,
    2.19795609331131,
    2.162053325176239,
    2.175648682276408,
    2.1770290377934773,
    2.1937309579849242,
    2.1673946968714395,
    2.1612266523043315,
    2.1979361082712807,
    2.1629753743807476,
    2.136867108662923,
    2.1775495816866557,
    2.16564671198527,
    2.1558536070187886,
    2.1603735756874083,
    2.1487015353838603,
    2.1567435936927795,
    2.1449929927190143,
    2.150843352476756,
    2.1496281522115073,
    2.1308112471898397,
    2.1343114943504333,
    2.147848746140798,
    2.1405288983980815,
    2.1270865329106647,
    2.1503165389696757,
    2.1331067798932395,
    2.131070009390513,
    2.1300606880187987,
    2.1323890080451964,
    2.1129969372749327,
    2.1109869368871053,
    2.1257376732826234,
    2.129255010128021,
    2.118599539120992,
    2.1034901661872865,
    2.1056064043045044,
    2.1255673869450886,
    2.0938985102971395,
    2.088481399536133,
    2.0996742277145386,
    2.083016313711802,
    2.098473111629486,
    2.1020511474609376,
    2.100844184239705,
    2.1053498334884644,
    2.0828553838729857
  ],
  "train_D_A_loss": [
    0.15125640372931956,
    0.14559151588380337,
    0.14363518325984478,
    0.1419198629260063,
    0.14152991010745367,
    0.14443897299468517,
    0.14026195677369832,
    0.1399427357216676,
    0.13963907331724962,
    0.14252122048288585,
    0.13816144109268982,
    0.137907439827919,
    0.1410096144527197,
    0.1363939058581988,
    0.13663453757762908,
    0.13520545841753484,
    0.1374134868308902,
    0.13305080931385357,
    0.13358988288541634,
    0.13239581237981718,
    0.134594215678672,
    0.1336379944284757,
    0.13222166072328886,
    0.13180832649519045,
    0.13172382643073796,
    0.13121641841034096,
    0.13147521639118592,
    0.13301120079060397,
    0.13038689647614957,
    0.1305850282087922,
    0.12939765085279942,
    0.13073233146220445,
    0.12959117181350788,
    0.1299244869997104,
    0.12946836669991413,
    0.12977783462405204,
    0.1287872481495142,
    0.1292411784728368,
    0.1294443574498097,
    0.1267564706504345,
    0.1286348034044107,
    0.12758781548837822,
    0.1268094691062967,
    0.12499993388354778,
    0.1268059393763542,
    0.12699972441792487,
    0.12605851969122886,
    0.12439460015793641,
    0.12560024542609852,
    0.12454301339884599,
    0.12385397819677989,
    0.1221643985013167,
    0.12483330993851026,
    0.12282749562462171,
    0.12334816452364127,
    0.1224564965814352,
    0.1230879991799593,
    0.12235722719132901,
    0.12289067108929157,
    0.12215392756462097,
    0.12155731548617284
  ],
  "train_D_B_loss": [
    0.1473707749446233,
    0.14341251736879349,
    0.14571057684222857,
    0.14286013420422872,
    0.14178916208197673,
    0.14207138304660719,
    0.13923918954531353,
    0.137849637200435,
    0.1356499215066433,
    0.13989259269833565,
    0.13940283777564763,
    0.13806981885433198,
    0.13594105795025826,
    0.135528553545475,
    0.1343497326274713,
    0.13299580278495948,
    0.13432170979181926,
    0.1307351492146651,
    0.1314884695907434,
    0.13171089231967925,
    0.13159894935786723,
    0.1295857527355353,
    0.12850748357673486,
    0.12569517479836942,
    0.1273648764292399,
    0.12515033757189908,
    0.12397785022854806,
    0.1253425531387329,
    0.1261579095572233,
    0.1232945200006167,
    0.12075027639170488,
    0.12257091771066189,
    0.12294951129953066,
    0.11934794094661871,
    0.12064933983733257,
    0.12208576565235853,
    0.12045075610776743,
    0.11951600497464339,
    0.12222355935970942,
    0.11889191693564256,
    0.11807421866059303,
    0.11905837485194207,
    0.12031245550513267,
    0.11932667126258215,
    0.11797705804308256,
    0.11985653810699781,
    0.11893434482316176,
    0.11840271851917109,
    0.1169612862120072,
    0.1164879482438167,
    0.11659070850412051,
    0.11775544329484304,
    0.11793644789357981,
    0.11737713055809339,
    0.114791477466623,
    0.11517624739805857,
    0.11526683852324883,
    0.11492547130088011,
    0.11561113811035952,
    0.11311798151830832,
    0.11451436228553454
  ],
  "train_cycle_loss": [
    0.1190191022157669,
    0.11657713676492373,
    0.11525495028495789,
    0.11456419378519059,
    0.11400618209441503,
    0.11242916998267173,
    0.11222823040684064,
    0.11171625402569771,
    0.1108043167591095,
    0.11039633676409721,
    0.10971948725978534,
    0.10999970477819443,
    0.10844219434261322,
    0.10859342620770136,
    0.10739670383930207,
    0.1088569154838721,
    0.10633806590239207,
    0.10653823345899582,
    0.10682125494877498,
    0.10808199100196361,
    0.10609851662317912,
    0.10593667216102282,
    0.10762155388792356,
    0.10531449563304583,
    0.10376672066251437,
    0.10573328775167465,
    0.10521950499216716,
    0.10470146399736405,
    0.1046729330321153,
    0.1038270313044389,
    0.10420117097099622,
    0.1034979359805584,
    0.1037855836848418,
    0.10347563749551773,
    0.10223934352397919,
    0.10275325931111971,
    0.10307880725463231,
    0.10273762409885724,
    0.10200463246305784,
    0.10311496797204017,
    0.10189209350943565,
    0.10163476053873698,
    0.10167412714660168,
    0.10155954093734423,
    0.10033313194910685,
    0.10032508595784505,
    0.1012323265026013,
    0.10133297918240229,
    0.10036643740534783,
    0.09936535274982453,
    0.09937356868882974,
    0.10084400249520938,
    0.09868935905893644,
    0.09834485049545764,
    0.09889260404308638,
    0.09766400761405628,
    0.09841644176344076,
    0.0988973002632459,
    0.09846860340734323,
    0.09894496134916941,
    0.09751278514166672
  ],