{
  "epoch": [
    101,
    102,
    103,
    104,
    105,
    106,
    107,
    108,
    109,
    110,
    111,
    112,
    113,
    114,
    115,
    116,
    117,
    118,
    119,
    120,
    121
  ],
  "G_loss": [
    1.7612294375896453,
    1.7601401546398798,
    1.7562452433506648,
    1.7783190904061,
    1.7621488871574402,
    1.7576815299193065,
    1.73253331553936,
    1.7219650663932164,
    1.7292721840540568,
    1.726373640537262,
    1.7511754986047745,
    1.7234590640862784,
    1.7244962052106858,
    1.713032696088155,
    1.6737168459097544,
    1.7073836788336436,
    1.704215013106664,
    1.7297446724176406,
    1.710397718389829,
    1.7171179948250452,
    1.6818429383039475
  ],
  "D_A_loss": [
    0.18866578056663275,
    0.18934259828800956,
    0.18657343893125652,
    0.19104540396730105,
    0.187961029353862,
    0.1820023931786418,
    0.18633410529668132,
    0.18801349842300016,
    0.18539926359554132,
    0.1873050772684316,
    0.18602708045144875,
    0.18659762261559565,
    0.18284554601833225,
    0.18793758377681175,
    0.18884987211662035,
    0.18035430754100282,
    0.18492878216380873,
    0.1767293448249499,
    0.180379845003287,
    0.181580145192643,
    0.18547715275362134
  ],
  "D_B_loss": [
    0.18435800258442758,
    0.18290787890553475,
    0.18538246274118622,
    0.18070546905572216,
    0.1805297265748183,
    0.1826154358436664,
    0.1849907747755448,
    0.18377179731304447,
    0.18578745944052935,
    0.1806011563576758,
    0.17424220769107343,
    0.18047529884551963,
    0.18068361806621155,
    0.18124452679852646,
    0.18125954020644228,
    0.17661512833461165,
    0.18182893984019757,
    0.17726009302710494,
    0.17596916717166702,
    0.1800954728772243,
    0.17994435485824942
  ],
  "cycle_loss": [
    0.1244819119994839,
    0.12455603215346733,
    0.1240090942531824,
    0.12581315675626198,
    0.1243488349194328,
    0.12360459599395593,
    0.1218564991603295,
    0.12114867658913135,
    0.12187560030569633,
    0.12091534003367027,
    0.12236454096436501,
    0.12110605144500733,
    0.12003496907651424,
    0.12008682317038377,
    0.11606728486716747,
    0.1184608391871055,
    0.11864201471457879,
    0.12035815722246965,
    0.11861669360101224,
    0.11952478653689226,
    0.11659193426618973
  ],
  "identity_loss": [
    0.16030548612773418,
    0.16435479712486267,
    0.16002497776846092,
    0.16364707048237323,
    0.16327647190789382,
    0.15830645518998304,
    0.1608216000298659,
    0.1570774628520012,
    0.15993272452553114,
    0.16094338768720626,
    0.1564925266553958,
    0.15736390771965186,
    0.15598098525901635,
    0.1582645576695601,
    0.15489452684422333,
    0.1546094548155864,
    0.15533617617189885,
    0.15840049446870882,
    0.1548685605575641,
    0.15637440081934134,
    0.15458470378319422
  ],
  "total_loss": [
    1.9477413291651755,
    1.946265393236652,
    1.9422231941868862,
    1.9641945269176115,
    1.9463942651217803,
    1.9399904444304605,
    1.9181957555754732,
    1.9078577142612387,
    1.9148655455720922,
    1.9103267573503158,
    1.9313101426760355,
    1.906995524816836,
    1.9062607872529578,
    1.897623751375824,
    1.8587715520712857,
    1.885868396771451,
    1.887593874108667,
    1.906739391343668,
    1.888572224477306,
    1.8979558038599789,
    1.8645536921098829
  ]
}