{
  "epoch": [
    51,
    52,
    53,
    54,
    55,
    56,
    57,
    58,
    59,
    60,
    61,
    62,
    63,
    64,
    65,
    66,
    67,
    68,
    69,
    70,
    71,
    72,
    73,
    74,
    75,
    76,
    77,
    78,
    79,
    80,
    81,
    82,
    83,
    84,
    85,
    86,
    87,
    88,
    89,
    90,
    91,
    92,
    93,
    94,
    95,
    96,
    97,
    98,
    99,
    100
  ],
  "G_loss": [
    2.0674304045041403,
    2.0723947207927704,
    2.0316992619832357,
    2.0165373168786367,
    2.0150079514980317,
    1.9753434618711472,
    1.9738427269458771,
    1.9817997912565868,
    1.9902563489278158,
    1.9653626897732417,
    1.9465442057450613,
    1.9152646815776826,
    1.9100789384841919,
    1.9233511534134546,
    1.9169195406039556,
    1.9009646385510763,
    1.8899272400538127,
    1.8918494775692623,
    1.8912611574729283,
    1.887157413562139,
    1.8738337908585867,
    1.891945893764496,
    1.871851551850637,
    1.8601150456666946,
    1.856946393887202,
    1.8351765064795813,
    1.853740317384402,
    1.8355693513552347,
    1.8576939225991567,
    1.8395171494086584,
    1.8313699834744135,
    1.8176078295310338,
    1.820384836991628,
    1.8185340098937353,
    1.8118245615959168,
    1.8028298945824306,
    1.8230770663817724,
    1.8220831030607223,
    1.7912751067082087,
    1.8135434524218241,
    1.7821608038743337,
    1.7861977250178656,
    1.7625638018449148,
    1.7609508063395818,
    1.7719119803110759,
    1.7815673093795776,
    1.8005004023313522,
    1.74781039083004,
    1.808016668399175,
    1.7681399167378744
  ],
  "D_A_loss": [
    0.189427927001069,
    0.18429030594912668,
    0.18884175892670949,
    0.18743280573189258,
    0.19039814711362124,
    0.18817385882884263,
    0.18922383284196256,
    0.1895229941022893,
    0.18631588372339805,
    0.18737815616093575,
    0.19272698837642868,
    0.190953348999843,
    0.1906814551645269,
    0.18990004167271157,
    0.18748791527251402,
    0.18637388524164755,
    0.189391660504664,
    0.18790232963860035,
    0.1876720703865091,
    0.18872585928688446,
    0.18286145888765654,
    0.18765399935593208,
    0.18567274003724257,
    0.18547962560256323,
    0.1854540389676889,
    0.18899845324767134,
    0.18679808400571346,
    0.18860788277412455,
    0.18644011725919943,
    0.18604141641470293,
    0.18858549464928606,
    0.18781859214914343,
    0.1869039207852135,
    0.1868884192723781,
    0.18906154651194812,
    0.187991823900491,
    0.18508063436920444,
    0.1865353558845818,
    0.18812081983933845,
    0.18473884030679863,
    0.18782641993897656,
    0.18619252529988686,
    0.18733163000643252,
    0.18900621751323343,
    0.1886986810049663,
    0.1829814004090925,
    0.1825973213346054,
    0.18870759114126365,
    0.18256041649853189,
    0.1909593529968212
  ],
  "D_B_loss": [
    0.19059776027686895,
    0.18362960431786876,
    0.18640815675631164,
    0.185793791582187,
    0.18428838967407743,
    0.18696441577499112,
    0.18854250969116887,
    0.18171707509830595,
    0.17779535708452265,
    0.1849325672828903,
    0.18601619669546685,
    0.1829104299067209,
    0.18533670092498264,
    0.18206703044101596,
    0.1841931859801213,
    0.1847386927884072,
    0.18962520881618064,
    0.18421719317138194,
    0.18095814318582415,
    0.18597979691127936,
    0.18529848326618473,
    0.18485137847438454,
    0.1842042160704732,
    0.181553170170635,
    0.18104981321593125,
    0.18717360394944746,
    0.18073289211280644,
    0.18626775317018232,
    0.1849588367876907,
    0.18786330401773255,
    0.18736057074368,
    0.18446813184022903,
    0.1854419646933675,
    0.18275592445147534,
    0.18470602516581613,
    0.18310899891455967,
    0.18125903438280025,
    0.18300148598477245,
    0.18572131090487043,
    0.18536920888349415,
    0.18344983981425564,
    0.18663015888755521,
    0.1862298278224965,
    0.18597806566332778,
    0.18260011627028386,
    0.18710845228408773,
    0.1789656142393748,
    0.18415209990367293,
    0.1802847977615893,
    0.18608808845902483
  ],
  "cycle_loss": [
    0.1542484076221784,
    0.1537683192715049,
    0.1504175823330879,
    0.14873792638381322,
    0.14846968643863995,
    0.1452087019359072,
    0.14513974959154924,
    0.14513128801186878,
    0.14549292914072673,
    0.144063877021273,
    0.1427731319119533,
    0.13918030435343584,
    0.13873824772238733,
    0.13979223306973776,
    0.1388713160455227,
    0.1374398797849814,
    0.13697629782060783,
    0.13630809623748064,
    0.1365448974967003,
    0.13659791069229443,
    0.13490405610203743,
    0.1370177000388503,
    0.1349898445184032,
    0.13324053875853617,
    0.1330270238146186,
    0.13147545394549767,
    0.13240796281397343,
    0.13156279103457927,
    0.13351805882155895,
    0.13185661240915458,
    0.1315572621723016,
    0.12996240347623825,
    0.1302774527867635,
    0.12949435290445885,
    0.12906352255990108,
    0.12826922093580168,
    0.12988825258860986,
    0.12990171469251316,
    0.12723257220288117,
    0.12873437371104957,
    0.12629503647486368,
    0.12662354163328807,
    0.1252087927411,
    0.12448645015309254,
    0.1257246443629265,
    0.12625844522565605,
    0.12723723314950863,
    0.12280482219407955,
    0.12787745589017868,
    0.1259745876590411
  ],
  "identity_loss": [
    0.15711194649338722,
    0.1647803995559613,
    0.1625401755720377,
    0.16482646702229978,
    0.16448048942784468,
    0.16564020613829294,
    0.1640239862650633,
    0.16742004580795766,
    0.16526368892192841,
    0.168094036757946,
    0.16611720566948254,
    0.1627378553301096,
    0.1644483467688163,
    0.16574572611351807,
    0.16454950638612112,
    0.16315108793477218,
    0.16371037471791108,
    0.164515600596865,
    0.167148854692777,
    0.16605108498533566,
    0.1653466269473235,
    0.1683612866550684,
    0.16329057039817174,
    0.16221893656253814,
    0.1634644843538602,
    0.16424807076652845,
    0.16637100972731908,
    0.1647435336758693,
    0.16679003148774307,
    0.16662710288167,
    0.16705505064626536,
    0.16168971440692742,
    0.1614610865364472,
    0.1637159242729346,
    0.1656835253338019,
    0.16283713949720066,
    0.1638850818077723,
    0.16235584376752377,
    0.16153346311549346,
    0.16365648865203064,
    0.16132082775235176,
    0.16315481114884217,
    0.15967155357201895,
    0.1591096960256497,
    0.16072559008498988,
    0.15996048443516095,
    0.15884053681294125,
    0.16159257837633292,
    0.1600645055125157,
    0.16333928690850735
  ],
  "total_loss": [
    2.257443248143109,
    2.2563546759262683,
    2.2193242198247463,
    2.2031506155356766,
    2.202351219891881,
    2.162912599173064,
    2.162725898212443,
    2.1674198258568844,
    2.1723119693317763,
    2.1515180514951546,
    2.135915798281009,
    2.1021965710309645,
    2.098088016528947,
    2.109334689470318,
    2.102760091230273,
    2.0865209275661036,
    2.079435674714235,
    2.0779092389742533,
    2.075576264259095,
    2.074510241661221,
    2.0579137619355072,
    2.0781985826796543,
    2.0567900299044948,
    2.0436314435532936,
    2.040198319979012,
    2.023262535078141,
    2.037505805443662,
    2.0230071693273883,
    2.0433933996226017,
    2.026469509624876,
    2.0193430161708967,
    2.00375119152572,
    2.0065577797309184,
    2.003356181755662,
    1.9987083474347989,
    1.9883803059899559,
    2.0062469007577746,
    2.0068515239953992,
    1.9781961720803132,
    1.9985974770169705,
    1.9677989337509498,
    1.9726090671115866,
    1.9493445307593793,
    1.9484429479278624,
    1.957561378948701,
    1.9666122357261677,
    1.9812818701183423,
    1.9342402363525082,
    1.9894392755292356,
    1.9566636374657973
  ]
}